Tunnel length [m],Tunnel width [m],Tunnel height [m],Hydrauric diameter,T [K],Qdot [Kw],Critical velocity [m/s];;;;;;;;;;;
8,0.34,0.44,0.383589743589744,293,1.5,0.386917921550455;;;;;;;;;;;
8,0.34,0.44,0.383589743589744,293,1.55,0.391170107319976;;;;;;;;;;;
8,0.34,0.44,0.383589743589744,293,1.6,0.395331803794963;;;;;;;;;;;
8,0.34,0.44,0.383589743589744,293,1.65,0.399407676730241;;;;;;;;;;;
8,0.34,0.44,0.383589743589744,293,1.7,0.403402018477475;;;;;;;;;;;
8,0.34,0.44,0.383589743589744,293,1.75,0.407318787881746;;;;;;;;;;;
8,0.34,0.44,0.383589743589744,293,1.8,0.411161644905916;;;;;;;;;;;
8,0.34,0.44,0.383589743589744,293,1.85,0.414933980805557;;;;;;;;;;;
8,0.34,0.44,0.383589743589744,293,1.9,0.418638944530183;;;;;;;;;;;
8,0.34,0.44,0.383589743589744,293,1.95,0.422279465908962;;;;;;;;;;;
8,0.34,0.44,0.383589743589744,293,2,0.425858276084373;;;;;;;;;;;
8,0.34,0.44,0.383589743589744,293,2.05,0.429377925580682;;;;;;;;;;;
8,0.34,0.44,0.383589743589744,293,2.1,0.432840800331611;;;;;;;;;;;
8,0.34,0.44,0.383589743589744,293,2.15,0.436249135940539;;;;;;;;;;;
8,0.34,0.44,0.383589743589744,293,2.2,0.439605030404427;;;;;;;;;;;
8,0.34,0.44,0.383589743589744,293,2.25,0.442910455497939;;;;;;;;;;;
8,0.34,0.44,0.383589743589744,293,2.3,0.446167266985285;;;;;;;;;;;
8,0.34,0.44,0.383589743589744,293,2.35,0.449377213803219;;;;;;;;;;;
8,0.34,0.44,0.383589743589744,293,2.4,0.452541946338394;;;;;;;;;;;
8,0.34,0.44,0.383589743589744,293,2.45,0.455663023905307;;;;;;;;;;;
8,0.34,0.44,0.383589743589744,293,2.5,0.458741921516675;;;;;;;;;;;
8,0.34,0.44,0.383589743589744,293,2.55,0.461780036025928;;;;;;;;;;;
8,0.34,0.44,0.383589743589744,293,2.6,0.464778691711157;;;;;;;;;;;
8,0.34,0.44,0.383589743589744,293,2.65,0.467739145361008;;;;;;;;;;;
8,0.34,0.44,0.383589743589744,293,2.7,0.470662590915458;;;;;;;;;;;
8,0.34,0.44,0.383589743589744,293,2.75,0.473550163707909;;;;;;;;;;;
8,0.34,0.44,0.383589743589744,293,2.8,0.476402944349435;;;;;;;;;;;
8,0.34,0.44,0.383589743589744,293,2.85,0.479221962291195;;;;;;;;;;;
8,0.34,0.44,0.383589743589744,293,2.9,0.482008199096819;;;;;;;;;;;
8,0.34,0.44,0.383589743589744,293,2.95,0.484762591452955;;;;;;;;;;;
8,0.34,0.44,0.383589743589744,293,3,0.487486033942991;;;;;;;;;;;
8,0.34,0.44,0.383589743589744,293,3.05,0.49017938160619;;;;;;;;;;;
8,0.34,0.44,0.383589743589744,293,3.1,0.492843452302075;;;;;;;;;;;
8,0.34,0.44,0.383589743589744,293,3.15,0.495479028897778;;;;;;;;;;;
8,0.34,0.44,0.383589743589744,293,3.2,0.498086861294184;;;;;;;;;;;
8,0.34,0.44,0.383589743589744,293,3.25,0.500667668305075;;;;;;;;;;;
8,0.34,0.44,0.383589743589744,293,3.3,0.503222139402038;;;;;;;;;;;
8,0.34,0.44,0.383589743589744,293,3.35,0.505750936336586;;;;;;;;;;;
8,0.34,0.44,0.383589743589744,293,3.4,0.508254694649851;;;;;;;;;;;
8,0.34,0.44,0.383589743589744,293,3.45,0.510734025079151;;;;;;;;;;;
8,0.34,0.44,0.383589743589744,293,3.5,0.513189514869876;;;;;;;;;;;
8,0.34,0.44,0.383589743589744,293,3.55,0.515621729000319;;;;;;;;;;;
8,0.34,0.44,0.383589743589744,293,3.6,0.518031211326365;;;;;;;;;;;
8,0.34,0.44,0.383589743589744,293,3.65,0.520418485652321;;;;;;;;;;;
8,0.34,0.44,0.383589743589744,293,3.7,0.522784056733596;;;;;;;;;;;
8,0.34,0.44,0.383589743589744,293,3.75,0.52512841121642;;;;;;;;;;;
8,0.34,0.44,0.383589743589744,293,3.8,0.52745201851935;;;;;;;;;;;
8,0.34,0.44,0.383589743589744,293,3.85,0.529755331660873;;;;;;;;;;;
8,0.34,0.44,0.383589743589744,293,3.9,0.532038788037065;;;;;;;;;;;
8,0.34,0.44,0.383589743589744,293,3.95,0.53430281015292;;;;;;;;;;;
8,0.34,0.44,0.383589743589744,293,4,0.536547806310645;;;;;;;;;;;
8,0.34,0.44,0.383589743589744,293,4.05,0.538774171257977;;;;;;;;;;;
8,0.34,0.44,0.383589743589744,293,4.1,0.540982286799295;;;;;;;;;;;
8,0.34,0.44,0.383589743589744,293,4.15,0.543172522372089;;;;;;;;;;;
8,0.34,0.44,0.383589743589744,293,4.2,0.545345235591141;;;;;;;;;;;
8,0.34,0.44,0.383589743589744,293,4.25,0.547500772762601;;;;;;;;;;;
8,0.34,0.44,0.383589743589744,293,4.3,0.549639469369935;;;;;;;;;;;
8,0.34,0.44,0.383589743589744,293,4.35,0.55176165053361;;;;;;;;;;;
8,0.34,0.44,0.383589743589744,293,4.39999999999999,0.553867631446212;;;;;;;;;;;
8,0.34,0.44,0.383589743589744,293,4.44999999999999,0.555957717784576;;;;;;;;;;;
8,0.34,0.44,0.383589743589744,293,4.49999999999999,0.558032206100379;;;;;;;;;;;
8,0.34,0.44,0.383589743589744,293,4.54999999999999,0.560091384190564;;;;;;;;;;;
8,0.34,0.44,0.383589743589744,293,4.59999999999999,0.562135531448826;;;;;;;;;;;
8,0.34,0.44,0.383589743589744,293,4.64999999999999,0.564164919199338;;;;;;;;;;;
8,0.34,0.44,0.383589743589744,293,4.69999999999999,0.566179811013784;;;;;;;;;;;
8,0.34,0.44,0.383589743589744,293,4.74999999999999,0.568180463012713;;;;;;;;;;;
8,0.34,0.44,0.383589743589744,293,4.79999999999999,0.570167124152138;;;;;;;;;;;
8,0.34,0.44,0.383589743589744,293,4.84999999999999,0.572140036496248;;;;;;;;;;;
8,0.34,0.44,0.383589743589744,293,4.89999999999999,0.574099435477047;;;;;;;;;;;
8,0.34,0.44,0.383589743589744,293,4.94999999999999,0.57604555014167;;;;;;;;;;;
8,0.34,0.44,0.383589743589744,293,4.99999999999999,0.57797860338808;;;;;;;;;;;
8,0.34,0.44,0.383589743589744,293,5.04999999999999,0.579898812189796;;;;;;;;;;;
8,0.34,0.44,0.383589743589744,293,5.09999999999999,0.581806387810279;;;;;;;;;;;
8,0.34,0.44,0.383589743589744,293,5.14999999999999,0.583701536007536;;;;;;;;;;;
8,0.34,0.44,0.383589743589744,293,5.19999999999999,0.585584457229486;;;;;;;;;;;
8,0.34,0.44,0.383589743589744,293,5.24999999999999,0.587455346800582;;;;;;;;;;;
8,0.34,0.44,0.383589743589744,293,5.29999999999999,0.589314395100171;;;;;;;;;;;
8,0.34,0.44,0.383589743589744,293,5.34999999999999,0.591161787733024;;;;;;;;;;;
8,0.34,0.44,0.383589743589744,293,5.39999999999999,0.592997705692444;;;;;;;;;;;
8,0.34,0.44,0.383589743589744,293,5.44999999999999,0.594822325516363;;;;;;;;;;;
8,0.34,0.44,0.383589743589744,293,5.49999999999999,0.596635819436757;;;;;;;;;;;
8,0.34,0.44,0.383589743589744,293,5.54999999999999,0.598438355522756;;;;;;;;;;;
8,0.34,0.44,0.383589743589744,293,5.59999999999999,0.600230097817749;;;;;;;;;;;
8,0.34,0.44,0.383589743589744,293,5.64999999999999,0.602011206470791;;;;;;;;;;;
8,0.34,0.44,0.383589743589744,293,5.69999999999999,0.603781837862604;;;;;;;;;;;
8,0.34,0.44,0.383589743589744,293,5.74999999999999,0.60554214472643;;;;;;;;;;;
8,0.34,0.44,0.383589743589744,293,5.79999999999999,0.607292276264;;;;;;;;;;;
8,0.34,0.44,0.383589743589744,293,5.84999999999999,0.609032378256842;;;;;;;;;;;
8,0.34,0.44,0.383589743589744,293,5.89999999999999,0.610762593173166;;;;;;;;;;;
8,0.34,0.44,0.383589743589744,293,5.94999999999999,0.612483060270541;;;;;;;;;;;
8,0.34,0.44,0.383589743589744,293,5.99999999999999,0.614193915694541;;;;;;;;;;;
8,0.34,0.44,0.383589743589744,293,6.04999999999999,0.61589529257358;;;;;;;;;;;
8,0.34,0.44,0.383589743589744,293,6.09999999999999,0.61758732111009;;;;;;;;;;;
8,0.34,0.44,0.383589743589744,293,6.14999999999998,0.619270128668224;;;;;;;;;;;
8,0.34,0.44,0.383589743589744,293,6.19999999999998,0.620943839858243;;;;;;;;;;;
8,0.34,0.44,0.383589743589744,293,6.24999999999998,0.622608576617729;;;;;;;;;;;
8,0.34,0.44,0.383589743589744,293,6.29999999999998,0.62426445828978;;;;;;;;;;;
8,0.34,0.44,0.383589743589744,293,6.34999999999998,0.625911601698314;;;;;;;;;;;
8,0.34,0.44,0.383589743589744,293,6.39999999999998,0.62755012122061;;;;;;;;;;;
8,0.34,0.44,0.383589743589744,293,6.44999999999998,0.62918012885722;;;;;;;;;;;
8,0.34,0.44,0.383589743589744,293,6.49999999999998,0.630801734299348;;;;;;;;;;;
8,0.34,0.44,0.383589743589744,293,6.54999999999998,0.632415044993823;;;;;;;;;;;
8,0.34,0.44,0.383589743589744,293,6.59999999999998,0.634020166205759;;;;;;;;;;;
8,0.34,0.44,0.383589743589744,293,6.64999999999998,0.63561720107901;;;;;;;;;;;
8,0.34,0.44,0.383589743589744,293,6.69999999999998,0.637206250694506;;;;;;;;;;;
8,0.34,0.44,0.383589743589744,293,6.74999999999998,0.63878741412656;;;;;;;;;;;
8,0.34,0.44,0.383589743589744,293,6.79999999999998,0.640360788497238;;;;;;;;;;;
8,0.34,0.44,0.383589743589744,293,6.84999999999998,0.641926469028868;;;;;;;;;;;
8,0.34,0.44,0.383589743589744,293,6.89999999999998,0.643484549094758;;;;;;;;;;;
8,0.34,0.44,0.383589743589744,293,6.94999999999998,0.645035120268211;;;;;;;;;;;
8,0.34,0.44,0.383589743589744,293,6.99999999999998,0.646578272369894;;;;;;;;;;;
8,0.34,0.44,0.383589743589744,293,7.04999999999998,0.648114093513632;;;;;;;;;;;
8,0.34,0.44,0.383589743589744,293,7.09999999999998,0.649642670150691;;;;;;;;;;;
8,0.34,0.44,0.383589743589744,293,7.14999999999998,0.651164087112608;;;;;;;;;;;
8,0.34,0.44,0.383589743589744,293,7.19999999999998,0.652678427652626;;;;;;;;;;;
8,0.34,0.44,0.383589743589744,293,7.24999999999998,0.654185773485794;;;;;;;;;;;
8,0.34,0.44,0.383589743589744,293,7.29999999999998,0.655686204827772;;;;;;;;;;;
8,0.34,0.44,0.383589743589744,293,7.34999999999998,0.657179800432403;;;;;;;;;;;
8,0.34,0.44,0.383589743589744,293,7.39999999999998,0.658666637628093;;;;;;;;;;;
8,0.34,0.44,0.383589743589744,293,7.44999999999998,0.660146792353051;;;;;;;;;;;
8,0.34,0.44,0.383589743589744,293,7.49999999999998,0.661620339189418;;;;;;;;;;;
8,0.34,0.44,0.383589743589744,293,7.54999999999998,0.663087351396351;;;;;;;;;;;
8,0.34,0.44,0.383589743589744,293,7.59999999999998,0.664547900942069;;;;;;;;;;;
8,0.34,0.44,0.383589743589744,293,7.64999999999998,0.666002058534933;;;;;;;;;;;
8,0.34,0.44,0.383589743589744,293,7.69999999999998,0.667449893653573;;;;;;;;;;;
8,0.34,0.44,0.383589743589744,293,7.74999999999998,0.668891474576101;;;;;;;;;;;
8,0.34,0.44,0.383589743589744,293,7.79999999999998,0.670326868408455;;;;;;;;;;;
8,0.34,0.44,0.383589743589744,293,7.84999999999998,0.671756141111888;;;;;;;;;;;
8,0.34,0.44,0.383589743589744,293,7.89999999999998,0.673179357529647;;;;;;;;;;;
8,0.34,0.44,0.383589743589744,293,7.94999999999998,0.674596581412867;;;;;;;;;;;
8,0.34,0.44,0.383589743589744,293,7.99999999999998,0.676007875445698;;;;;;;;;;;
8,0.34,0.44,0.383589743589744,293,8.04999999999998,0.67741330126971;;;;;;;;;;;
8,0.34,0.44,0.383589743589744,293,8.09999999999998,0.67881291950759;;;;;;;;;;;
8,0.34,0.44,0.383589743589744,293,8.14999999999998,0.680206789786152;;;;;;;;;;;
8,0.34,0.44,0.383589743589744,293,8.19999999999998,0.681594970758697;;;;;;;;;;;
8,0.34,0.44,0.383589743589744,293,8.24999999999998,0.682977520126734;;;;;;;;;;;
8,0.34,0.44,0.383589743589744,293,8.29999999999998,0.684354494661088;;;;;;;;;;;
8,0.34,0.44,0.383589743589744,293,8.34999999999998,0.685725950222417;;;;;;;;;;;
8,0.34,0.44,0.383589743589744,293,8.39999999999998,0.687091941781157;;;;;;;;;;;
8,0.34,0.44,0.383589743589744,293,8.44999999999998,0.688452523436911;;;;;;;;;;;
8,0.34,0.44,0.383589743589744,293,8.49999999999998,0.68980774843731;;;;;;;;;;;
8,0.34,0.44,0.383589743589744,293,8.54999999999998,0.691157669196349;;;;;;;;;;;
8,0.34,0.44,0.383589743589744,293,8.59999999999998,0.692502337312229;;;;;;;;;;;
8,0.34,0.44,0.383589743589744,293,8.64999999999998,0.693841803584717;;;;;;;;;;;
8,0.34,0.44,0.383589743589744,293,8.69999999999998,0.695176118032034;;;;;;;;;;;
8,0.34,0.44,0.383589743589744,293,8.74999999999998,0.696505329907292;;;;;;;;;;;
8,0.34,0.44,0.383589743589744,293,8.79999999999998,0.697829487714498;;;;;;;;;;;
8,0.34,0.44,0.383589743589744,293,8.84999999999998,0.69914863922413;;;;;;;;;;;
8,0.34,0.44,0.383589743589744,293,8.89999999999998,0.7004628314883;;;;;;;;;;;
8,0.34,0.44,0.383589743589744,293,8.94999999999997,0.701772110855532;;;;;;;;;;;
8,0.34,0.44,0.383589743589744,293,8.99999999999997,0.703076522985141;;;;;;;;;;;
8,0.34,0.44,0.383589743589744,293,9.04999999999997,0.704376112861252;;;;;;;;;;;
8,0.34,0.44,0.383589743589744,293,9.09999999999997,0.705670924806448;;;;;;;;;;;
8,0.34,0.44,0.383589743589744,293,9.14999999999997,0.706961002495077;;;;;;;;;;;
8,0.34,0.44,0.383589743589744,293,9.19999999999997,0.708246388966218;;;;;;;;;;;
8,0.34,0.44,0.383589743589744,293,9.24999999999997,0.709527126636312;;;;;;;;;;;
8,0.34,0.44,0.383589743589744,293,9.29999999999997,0.710803257311486;;;;;;;;;;;
8,0.34,0.44,0.383589743589744,293,9.34999999999997,0.712074822199563;;;;;;;;;;;
8,0.34,0.44,0.383589743589744,293,9.39999999999997,0.713341861921767;;;;;;;;;;;
8,0.34,0.44,0.383589743589744,293,9.44999999999997,0.714604416524152;;;;;;;;;;;
8,0.34,0.44,0.383589743589744,293,9.49999999999997,0.715862525488733;;;;;;;;;;;
8,0.34,0.44,0.383589743589744,293,9.54999999999997,0.717116227744356;;;;;;;;;;;
8,0.34,0.44,0.383589743589744,293,9.59999999999997,0.718365561677302;;;;;;;;;;;
8,0.34,0.44,0.383589743589744,293,9.64999999999997,0.719610565141623;;;;;;;;;;;
8,0.34,0.44,0.383589743589744,293,9.69999999999997,0.720851275469243;;;;;;;;;;;
8,0.34,0.44,0.383589743589744,293,9.74999999999997,0.722087729479806;;;;;;;;;;;
8,0.34,0.44,0.383589743589744,293,9.79999999999997,0.723319963490294;;;;;;;;;;;
8,0.34,0.44,0.383589743589744,293,9.84999999999997,0.724548013324414;;;;;;;;;;;
8,0.34,0.44,0.383589743589744,293,9.89999999999997,0.725771914321763;;;;;;;;;;;
8,0.34,0.44,0.383589743589744,293,9.94999999999997,0.726991701346779;;;;;;;;;;;
8,0.34,0.44,0.383589743589744,293,9.99999999999997,0.728207408797482;;;;;;;;;;;
8,0.34,0.44,0.383589743589744,293,10.05,0.729419070614011;;;;;;;;;;;
8,0.34,0.44,0.383589743589744,293,10.1,0.730626720286958;;;;;;;;;;;
8,0.34,0.44,0.383589743589744,293,10.15,0.731830390865524;;;;;;;;;;;
8,0.34,0.44,0.383589743589744,293,10.2,0.733030114965471;;;;;;;;;;;
8,0.34,0.44,0.383589743589744,293,10.25,0.734225924776903;;;;;;;;;;;
8,0.34,0.44,0.383589743589744,293,10.3,0.735417852071866;;;;;;;;;;;
8,0.34,0.44,0.383589743589744,293,10.35,0.736605928211779;;;;;;;;;;;
8,0.34,0.44,0.383589743589744,293,10.4,0.737790184154694;;;;;;;;;;;
8,0.34,0.44,0.383589743589744,293,10.45,0.738970650462396;;;;;;;;;;;
8,0.34,0.44,0.383589743589744,293,10.5,0.740147357307346;;;;;;;;;;;
8,0.34,0.44,0.383589743589744,293,10.55,0.741320334479464;;;;;;;;;;;
8,0.34,0.44,0.383589743589744,293,10.6,0.74248961139277;;;;;;;;;;;
8,0.34,0.44,0.383589743589744,293,10.65,0.743655217091873;;;;;;;;;;;
8,0.34,0.44,0.383589743589744,293,10.7,0.744817180258322;;;;;;;;;;;
8,0.34,0.44,0.383589743589744,293,10.75,0.745975529216814;;;;;;;;;;;
8,0.34,0.44,0.383589743589744,293,10.8,0.747130291941276;;;;;;;;;;;
8,0.34,0.44,0.383589743589744,293,10.85,0.748281496060805;;;;;;;;;;;
8,0.34,0.44,0.383589743589744,293,10.9,0.749429168865487;;;;;;;;;;;
8,0.34,0.44,0.383589743589744,293,10.95,0.750573337312093;;;;;;;;;;;
8,0.34,0.44,0.383589743589744,293,11,0.751714028029647;;;;;;;;;;;
8,0.34,0.44,0.383589743589744,293,11.05,0.752851267324886;;;;;;;;;;;
8,0.34,0.44,0.383589743589744,293,11.1,0.753985081187593;;;;;;;;;;;
8,0.34,0.44,0.383589743589744,293,11.15,0.755115495295827;;;;;;;;;;;
8,0.34,0.44,0.383589743589744,293,11.2,0.756242535021041;;;;;;;;;;;
8,0.34,0.44,0.383589743589744,293,11.25,0.757366225433095;;;;;;;;;;;
8,0.34,0.44,0.383589743589744,293,11.3,0.758486591305158;;;;;;;;;;;
8,0.34,0.44,0.383589743589744,293,11.35,0.759603657118524;;;;;;;;;;;
8,0.34,0.44,0.383589743589744,293,11.4,0.760717447067308;;;;;;;;;;;
8,0.34,0.44,0.383589743589744,293,11.45,0.761827985063068;;;;;;;;;;;
8,0.34,0.44,0.383589743589744,293,11.5,0.762935294739318;;;;;;;;;;;
8,0.34,0.44,0.383589743589744,293,11.55,0.764039399455952;;;;;;;;;;;
8,0.34,0.44,0.383589743589744,293,11.6,0.765140322303587;;;;;;;;;;;
8,0.34,0.44,0.383589743589744,293,11.65,0.766238086107807;;;;;;;;;;;
8,0.34,0.44,0.383589743589744,293,11.7,0.767332713433332;;;;;;;;;;;
8,0.34,0.44,0.383589743589744,293,11.75,0.768424226588096;;;;;;;;;;;
8,0.34,0.44,0.383589743589744,293,11.8,0.769512647627252;;;;;;;;;;;
8,0.34,0.44,0.383589743589744,293,11.85,0.77059799835709;;;;;;;;;;;
8,0.34,0.44,0.383589743589744,293,11.9,0.771680300338885;;;;;;;;;;;
8,0.34,0.44,0.383589743589744,293,11.95,0.772759574892666;;;;;;;;;;;
8,0.34,0.44,0.383589743589744,293,12,0.77383584310091;;;;;;;;;;;
8,0.34,0.44,0.383589743589744,293,12.05,0.774909125812167;;;;;;;;;;;
8,0.34,0.44,0.383589743589744,293,12.1,0.775979443644615;;;;;;;;;;;
8,0.34,0.44,0.383589743589744,293,12.15,0.777046816989547;;;;;;;;;;;
8,0.34,0.44,0.383589743589744,293,12.2,0.778111266014787;;;;;;;;;;;
8,0.34,0.44,0.383589743589744,293,12.25,0.779172810668044;;;;;;;;;;;
8,0.34,0.44,0.383589743589744,293,12.3,0.780231470680203;;;;;;;;;;;
8,0.34,0.44,0.383589743589744,293,12.35,0.781287265568553;;;;;;;;;;;
8,0.34,0.44,0.383589743589744,293,12.4,0.782340214639953;;;;;;;;;;;
8,0.34,0.44,0.383589743589744,293,12.45,0.783390336993936;;;;;;;;;;;
8,0.34,0.44,0.383589743589744,293,12.5,0.784437651525763;;;;;;;;;;;
8,0.34,0.44,0.383589743589744,293,12.55,0.785482176929412;;;;;;;;;;;
8,0.34,0.44,0.383589743589744,293,12.6,0.786523931700515;;;;;;;;;;;
8,0.34,0.44,0.383589743589744,293,12.65,0.78756293413924;;;;;;;;;;;
8,0.34,0.44,0.383589743589744,293,12.7,0.788599202353122;;;;;;;;;;;
8,0.34,0.44,0.383589743589744,293,12.75,0.789632754259835;;;;;;;;;;;
8,0.34,0.44,0.383589743589744,293,12.8,0.790663607589926;;;;;;;;;;;
8,0.34,0.44,0.383589743589744,293,12.85,0.791691779889487;;;;;;;;;;;
8,0.34,0.44,0.383589743589744,293,12.9,0.792717288522781;;;;;;;;;;;
8,0.34,0.44,0.383589743589744,293,12.95,0.793740150674829;;;;;;;;;;;
8,0.34,0.44,0.383589743589744,293,13,0.794760383353942;;;;;;;;;;;
8,0.34,0.44,0.383589743589744,293,13.05,0.795778003394206;;;;;;;;;;;
8,0.34,0.44,0.383589743589744,293,13.1,0.796793027457931;;;;;;;;;;;
8,0.34,0.44,0.383589743589744,293,13.15,0.797805472038051;;;;;;;;;;;
8,0.34,0.44,0.383589743589744,293,13.2,0.798815353460482;;;;;;;;;;;
8,0.34,0.44,0.383589743589744,293,13.25,0.799822687886438;;;;;;;;;;;
8,0.34,0.44,0.383589743589744,293,13.3,0.800827491314708;;;;;;;;;;;
8,0.34,0.44,0.383589743589744,293,13.35,0.801829779583892;;;;;;;;;;;
8,0.34,0.44,0.383589743589744,293,13.4,0.802829568374599;;;;;;;;;;;
8,0.34,0.44,0.383589743589744,293,13.45,0.803826873211602;;;;;;;;;;;
8,0.34,0.44,0.383589743589744,293,13.5,0.804821709465967;;;;;;;;;;;
8,0.34,0.44,0.383589743589744,293,13.55,0.80581409235713;;;;;;;;;;;
8,0.34,0.44,0.383589743589744,293,13.6,0.80680403695495;;;;;;;;;;;
8,0.34,0.44,0.383589743589744,293,13.65,0.807791558181723;;;;;;;;;;;
8,0.34,0.44,0.383589743589744,293,13.7,0.808776670814161;;;;;;;;;;;
8,0.34,0.44,0.383589743589744,293,13.75,0.809759389485336;;;;;;;;;;;
8,0.34,0.44,0.383589743589744,293,13.8,0.810739728686597;;;;;;;;;;;
8,0.34,0.44,0.383589743589744,293,13.85,0.811717702769446;;;;;;;;;;;
8,0.34,0.44,0.383589743589744,293,13.9,0.812693325947391;;;;;;;;;;;
8,0.34,0.44,0.383589743589744,293,13.95,0.81366661229776;;;;;;;;;;;
8,0.34,0.44,0.383589743589744,293,14,0.814321350290204;;;;;;;;;;;
8,0.34,0.44,0.383589743589744,293,14.05,0.814321350290204;;;;;;;;;;;
8,0.34,0.44,0.383589743589744,293,14.1,0.814321350290204;;;;;;;;;;;
8,0.34,0.44,0.383589743589744,293,14.15,0.814321350290204;;;;;;;;;;;
8,0.34,0.44,0.383589743589744,293,14.2,0.814321350290204;;;;;;;;;;;
8,0.34,0.44,0.383589743589744,293,14.25,0.814321350290204;;;;;;;;;;;
8,0.34,0.44,0.383589743589744,293,14.3,0.814321350290204;;;;;;;;;;;
8,0.34,0.44,0.383589743589744,293,14.35,0.814321350290204;;;;;;;;;;;
8,0.34,0.44,0.383589743589744,293,14.4,0.814321350290204;;;;;;;;;;;
8,0.34,0.44,0.383589743589744,293,14.45,0.814321350290204;;;;;;;;;;;
8,0.34,0.44,0.383589743589744,293,14.5,0.814321350290204;;;;;;;;;;;
8,0.34,0.44,0.383589743589744,293,14.55,0.814321350290204;;;;;;;;;;;
8,0.34,0.44,0.383589743589744,293,14.6,0.814321350290204;;;;;;;;;;;
8,0.34,0.44,0.383589743589744,293,14.65,0.814321350290204;;;;;;;;;;;
8,0.34,0.44,0.383589743589744,293,14.7,0.814321350290204;;;;;;;;;;;
8,0.34,0.44,0.383589743589744,293,14.75,0.814321350290204;;;;;;;;;;;
8,0.34,0.44,0.383589743589744,293,14.8,0.814321350290204;;;;;;;;;;;
8,0.34,0.44,0.383589743589744,293,14.85,0.814321350290204;;;;;;;;;;;
8,0.34,0.44,0.383589743589744,293,14.9,0.814321350290204;;;;;;;;;;;
8,0.34,0.44,0.383589743589744,293,14.95,0.814321350290204;;;;;;;;;;;
8,0.34,0.44,0.383589743589744,293,15,0.814321350290204;;;;;;;;;;;
8,0.34,0.44,0.383589743589744,293,15.05,0.814321350290204;;;;;;;;;;;
8,0.34,0.44,0.383589743589744,293,15.1,0.814321350290204;;;;;;;;;;;
8,0.34,0.44,0.383589743589744,293,15.15,0.814321350290204;;;;;;;;;;;
8,0.34,0.44,0.383589743589744,293,15.2,0.814321350290204;;;;;;;;;;;
8,0.34,0.44,0.383589743589744,293,15.25,0.814321350290204;;;;;;;;;;;
8,0.34,0.44,0.383589743589744,293,15.3,0.814321350290204;;;;;;;;;;;
8,0.34,0.44,0.383589743589744,293,15.35,0.814321350290204;;;;;;;;;;;
8,0.34,0.44,0.383589743589744,293,15.4,0.814321350290204;;;;;;;;;;;
8,0.34,0.44,0.383589743589744,293,15.45,0.814321350290204;;;;;;;;;;;
8,0.34,0.44,0.383589743589744,293,15.5,0.814321350290204;;;;;;;;;;;
8,0.34,0.44,0.383589743589744,293,15.55,0.814321350290204;;;;;;;;;;;
8,0.34,0.44,0.383589743589744,293,15.6,0.814321350290204;;;;;;;;;;;
8,0.34,0.44,0.383589743589744,293,15.65,0.814321350290204;;;;;;;;;;;
8,0.34,0.44,0.383589743589744,293,15.7,0.814321350290204;;;;;;;;;;;
8,0.34,0.44,0.383589743589744,293,15.75,0.814321350290204;;;;;;;;;;;
8,0.34,0.44,0.383589743589744,293,15.8,0.814321350290204;;;;;;;;;;;
8,0.34,0.44,0.383589743589744,293,15.85,0.814321350290204;;;;;;;;;;;
8,0.34,0.44,0.383589743589744,293,15.9,0.814321350290204;;;;;;;;;;;
8,0.34,0.44,0.383589743589744,293,15.95,0.814321350290204;;;;;;;;;;;
8,0.34,0.44,0.383589743589744,293,16,0.814321350290204;;;;;;;;;;;
8,0.34,0.44,0.383589743589744,293,16.05,0.814321350290204;;;;;;;;;;;
8,0.34,0.44,0.383589743589744,293,16.1,0.814321350290204;;;;;;;;;;;
8,0.34,0.44,0.383589743589744,293,16.15,0.814321350290204;;;;;;;;;;;
8,0.34,0.44,0.383589743589744,293,16.1999999999999,0.814321350290204;;;;;;;;;;;
8,0.34,0.44,0.383589743589744,293,16.25,0.814321350290204;;;;;;;;;;;
8,0.34,0.44,0.383589743589744,293,16.3,0.814321350290204;;;;;;;;;;;
8,0.34,0.44,0.383589743589744,293,16.35,0.814321350290204;;;;;;;;;;;
8,0.34,0.44,0.383589743589744,293,16.3999999999999,0.814321350290204;;;;;;;;;;;
8,0.34,0.44,0.383589743589744,293,16.4499999999999,0.814321350290204;;;;;;;;;;;
8,0.34,0.44,0.383589743589744,293,16.5,0.814321350290204;;;;;;;;;;;
8,0.34,0.44,0.383589743589744,293,16.55,0.814321350290204;;;;;;;;;;;
8,0.34,0.44,0.383589743589744,293,16.6,0.814321350290204;;;;;;;;;;;
8,0.34,0.44,0.383589743589744,293,16.6499999999999,0.814321350290204;;;;;;;;;;;
8,0.34,0.44,0.383589743589744,293,16.6999999999999,0.814321350290204;;;;;;;;;;;
8,0.34,0.44,0.383589743589744,293,16.7499999999999,0.814321350290204;;;;;;;;;;;
8,0.34,0.44,0.383589743589744,293,16.7999999999999,0.814321350290204;;;;;;;;;;;
8,0.34,0.44,0.383589743589744,293,16.8499999999999,0.814321350290204;;;;;;;;;;;
8,0.34,0.44,0.383589743589744,293,16.8999999999999,0.814321350290204;;;;;;;;;;;
8,0.34,0.44,0.383589743589744,293,16.9499999999999,0.814321350290204;;;;;;;;;;;
8,0.34,0.44,0.383589743589744,293,16.9999999999999,0.814321350290204;;;;;;;;;;;
8,0.34,0.44,0.383589743589744,293,17.0499999999999,0.814321350290204;;;;;;;;;;;
8,0.34,0.44,0.383589743589744,293,17.0999999999999,0.814321350290204;;;;;;;;;;;
8,0.34,0.44,0.383589743589744,293,17.1499999999999,0.814321350290204;;;;;;;;;;;
8,0.34,0.44,0.383589743589744,293,17.1999999999999,0.814321350290204;;;;;;;;;;;
8,0.34,0.44,0.383589743589744,293,17.2499999999999,0.814321350290204;;;;;;;;;;;
8,0.34,0.44,0.383589743589744,293,17.2999999999999,0.814321350290204;;;;;;;;;;;
8,0.34,0.44,0.383589743589744,293,17.3499999999999,0.814321350290204;;;;;;;;;;;
8,0.34,0.44,0.383589743589744,293,17.3999999999999,0.814321350290204;;;;;;;;;;;
8,0.34,0.44,0.383589743589744,293,17.4499999999999,0.814321350290204;;;;;;;;;;;
8,0.34,0.44,0.383589743589744,293,17.4999999999999,0.814321350290204;;;;;;;;;;;
8,0.34,0.44,0.383589743589744,293,17.5499999999999,0.814321350290204;;;;;;;;;;;
8,0.34,0.44,0.383589743589744,293,17.5999999999999,0.814321350290204;;;;;;;;;;;
8,0.34,0.44,0.383589743589744,293,17.6499999999999,0.814321350290204;;;;;;;;;;;
8,0.34,0.44,0.383589743589744,293,17.6999999999999,0.814321350290204;;;;;;;;;;;
8,0.34,0.44,0.383589743589744,293,17.7499999999999,0.814321350290204;;;;;;;;;;;
8,0.34,0.44,0.383589743589744,293,17.7999999999999,0.814321350290204;;;;;;;;;;;
8,0.34,0.44,0.383589743589744,293,17.8499999999999,0.814321350290204;;;;;;;;;;;
8,0.34,0.44,0.383589743589744,293,17.8999999999999,0.814321350290204;;;;;;;;;;;
8,0.34,0.44,0.383589743589744,293,17.9499999999999,0.814321350290204;;;;;;;;;;;
8,0.34,0.44,0.383589743589744,293,17.9999999999999,0.814321350290204;;;;;;;;;;;
